{
    "num_clusters": 3,
    "inertia": 0.3592318623724415,
    "n_iter": 3,
    "rep_rid": {
        "0": 12,
        "1": 9,
        "2": 15
    },
    "clusters": {
        "1": [
            0,
            2,
            4,
            7,
            9,
            11,
            16
        ],
        "2": [
            1,
            6,
            8,
            13,
            15,
            17
        ],
        "0": [
            3,
            5,
            10,
            12,
            14
        ]
    },
    "clusters_weights": {
        "1": 7,
        "2": 6,
        "0": 5
    },
    "bbv": [
        [
            0.13672032952729304,
            0.21423916292112635,
            0.0012013836360683927,
            -0.00010553837937771204,
            1.5148957960647857e-05,
            2.662046801008011e-05,
            1.2645937394480111e-05,
            -1.7767464565582314e-08,
            -4.105099612669583e-09,
            -9.19444733196717e-09,
            4.0220676338076355e-09,
            5.142707940053448e-09,
            9.017006741968148e-10,
            -3.0196983151833945e-11,
            1.6779789363541298e-11,
            -9.236153508673794e-13,
            -2.5153490401663703e-17,
            0.0
        ],
        [
            -0.16701850514952016,
            -0.07604899973590343,
            0.0010450000841290275,
            -8.069128334084463e-05,
            6.613853491524435e-05,
            1.5437536004275776e-05,
            4.310674214455523e-07,
            2.4157640030747496e-08,
            6.993165501539833e-09,
            -9.24902220089674e-09,
            3.2852545267525457e-09,
            -4.119824328907562e-09,
            -6.207771536398399e-10,
            -1.0537654670291635e-09,
            5.645829029982119e-10,
            -2.893971659534422e-10,
            1.1275702593849246e-17,
            1.1102230246251565e-16
        ],
        [
            0.278571408422603,
            0.03721134803974262,
            -0.0015992140869093285,
            3.1619392090342924e-05,
            0.00018307115316473777,
            -2.415977082258214e-05,
            -7.219676661576746e-07,
            1.0741724072727e-09,
            3.480211518275267e-10,
            3.6551458422462435e-09,
            -2.0274706219458594e-09,
            2.8341023000644228e-09,
            -2.995727568788631e-09,
            7.516920964259662e-10,
            5.056889421095612e-10,
            -2.9786811212018094e-10,
            -5.594483210025203e-17,
            1.1102230246251565e-16
        ],
        [
            -0.30887740491567084,
            0.1010562595438681,
            0.0038162072079690745,
            -0.0002405105586593126,
            -0.00011877915189791033,
            -1.800675710629529e-05,
            1.426752835063938e-06,
            2.748318964768126e-09,
            -2.0725816358285742e-09,
            3.339680827024738e-09,
            -2.2367653527977094e-09,
            2.803197118872447e-09,
            -2.9084105731408405e-09,
            7.588627786055124e-10,
            5.076461386671616e-10,
            -2.971702883769467e-10,
            2.2985086056692694e-17,
            5.551115123125783e-17
        ],
        [
            0.21987370775086448,
            -0.15764107287356074,
            0.0026282199090357783,
            0.0003160637411195599,
            -6.174652210348686e-05,
            1.3204861085538977e-05,
            6.157592816892488e-06,
            2.527824543435697e-09,
            -7.672052892288006e-09,
            5.994191122626891e-09,
            2.8124321482803083e-09,
            -6.291157039761686e-10,
            -2.5371999726880867e-09,
            -2.07960864804721e-09,
            -3.3821785476451094e-10,
            -9.091080666046025e-11,
            2.7755575615628914e-17,
            1.3877787807814457e-16
        ],
        [
            -0.15316560151308242,
            0.18332541771948124,
            -0.0029005189043020407,
            0.00020196803777514094,
            -1.9638079082270887e-05,
            3.0666331611306497e-06,
            4.4117626250422814e-06,
            -5.063731343957212e-10,
            4.7150943149887325e-09,
            -3.165331087517931e-09,
            -8.319307728821279e-09,
            1.3886570365828632e-09,
            1.100854450999944e-09,
            -2.1393548699602007e-09,
            -2.669452540959849e-10,
            -6.705654087557633e-11,
            6.114900252818245e-17,
            -5.551115123125783e-17
        ],
        [
            0.05800865809645375,
            -0.24495451938426824,
            -0.002342858886083571,
            -0.0001624155870271482,
            -3.918663597179961e-05,
            -1.148514781953991e-05,
            9.895894727135479e-06,
            -4.0022246593218735e-09,
            1.3736054868193626e-08,
            4.522835210518661e-09,
            1.7325822859737272e-09,
            8.317006944258409e-10,
            1.262449436656432e-09,
            1.4716979967587668e-10,
            1.5933819888513945e-10,
            3.3738965787843966e-10,
            -6.245004513516506e-17,
            1.1102230246251565e-16
        ],
        [
            0.0648674812779626,
            0.2065627990085253,
            0.00015683164895477497,
            -3.3166161288678e-05,
            2.667527088398569e-06,
            2.3592428130311816e-05,
            -1.7304567604681242e-05,
            1.2291208700138112e-08,
            -1.0202025179512075e-08,
            1.9075141709234966e-09,
            2.343358840306564e-10,
            4.3837258822954084e-10,
            1.9345487798499983e-09,
            2.1916123923255634e-10,
            1.748808337725949e-10,
            3.4300347284688115e-10,
            1.691355389077387e-17,
            2.7755575615628914e-17
        ],
        [
            -0.1165552344077361,
            -0.1342464436860408,
            -0.00040550528294872046,
            -7.631032956753603e-05,
            3.292632540602414e-05,
            3.331566660398633e-05,
            -2.2425666888065132e-06,
            -1.7669548008775182e-08,
            -3.1053619328758053e-09,
            4.57087422078839e-09,
            -1.6322691358261476e-09,
            -1.890932688208835e-09,
            2.801935888169238e-10,
            -8.634938841430365e-10,
            1.697554612503649e-09,
            2.1750140577481147e-10,
            -5.204170427930421e-18,
            8.326672684688674e-17
        ],
        [
            0.2394313705257101,
            0.09585472106131344,
            -0.0017805277324379754,
            -0.00011927608580819538,
            -6.944760929374072e-05,
            -2.1210258683013183e-05,
            -5.167137303460634e-06,
            7.046244764746801e-09,
            3.0665740901464345e-09,
            -5.528141222566063e-09,
            -2.2880074571074438e-10,
            -8.625445635512818e-10,
            -4.006252683763645e-09,
            -4.0719637286589644e-10,
            -1.355811157788267e-10,
            5.71403847848817e-10,
            3.0357660829594124e-18,
            5.551115123125783e-17
        ],
        [
            -0.26973738735659425,
            0.04241288557563354,
            0.003997517946197626,
            -8.961756225386863e-05,
            0.00013373845007470797,
            -2.0957258983198e-05,
            5.8713740295132655e-06,
            -9.805939012175191e-10,
            -2.171031361630771e-09,
            3.750918832479133e-09,
            -2.47577704864943e-10,
            -1.5758911398044972e-09,
            5.671259833278652e-10,
            -4.380242211695154e-10,
            -1.2039775582756151e-09,
            4.32747102041553e-10,
            2.0816681711721685e-17,
            8.326672684688674e-17
        ],
        [
            0.24142790914769705,
            -0.09163259602811562,
            0.0054470850088763345,
            0.00023531836631193737,
